TaxName,TaxNameCount,neg.prop.mean,pos.prop.mean,OTU,FC,log2FC,colorname,colorhex
Actinomyces,Actinomyces (ASV29),0.05262844952546599,0,TACGTAGGGTGCGAGCGTTGTCCGGAATTATTGGGCGTAAAGGGCTTGTAGGCGGTTTGTCGCGTCTGCCGTGAAATCCTCTGGCTTAACTGGGGGCGTGCGGTGGGTACGGGCAGGCTTGAGTGCGGTAGGGGAGACTGGAACTCCTGGTGTAGCGGTGGAATGCGCAGATATCAGGAAGAACACCGGTGGCGAAGGCGGGTCTCTGGGCCGTTACTGACGCTGAGGAGCGAAAGCGTGGGGAGCGAACAGG,0,-Inf,only in A,#cdbfb1
Atopobium parvulum,Atopobium parvulum (ASV32),0.28790188496094027,0.06324160317148621,TACGTAGGGGGCAAGCGTTATCCGGATTCATTGGGCGTAAAGCGCTCGTAGGCGGTCTGTTAGGTCGGGAGTTAAATCCGGGGGCTCAACCCCCGTTCGCTCCCGATACCGGCAGACTTGAGTTTGGTAGGGGAAGGTGGAATTCCTAGTGTAGCGGTGGAATGCGCAGATATTAGGAAGAACACCAGTGGCGAAGGCGGCCTTCTGGGCCATAACTGACGCTGAGGAGCGAAAGCTAGGGGAGCAAACAGG,0.2196637343311115,-2.18663138907413,decreased abundance,black
Rothia mucilaginosa,Rothia mucilaginosa (ASV8),3.3401031262083887,0.775518207734974,TACGTAGGGCGCGAGCGTTGTCCGGAATTATTGGGCGTAAAGAGCTTGTAGGCGGTTTGTCGCGTCTGCTGTGAAAGGCCGGGGCTTAACTCCGTGTATTGCAGTGGGTACGGGCAGACTAGAGTGCAGTAGGGGAGACTGGAATTCCTGGTGTAGCGGTGGAATGCGCAGATATCAGGAGGAACACCGATGGCGAAGGCAGGTCTCTGGGCTGTAACTGACGCTGAGAAGCGAAAGCATGGGGAGCGAACAGG,0.23218391122411997,-2.1066600882366266,decreased abundance,black
Gemella,Gemella (ASV15),1.9698032546437079,0.7347516377519118,TACGTAGGTGGCAAGCGTTGTCCGGAATTATTGGGCGTAAAGCGCGCGCAGGTGGTTTAATAAGTCTGATGTGAAAGCCCACGGCTCAACCGTGGAGGGTCATTGGAAACTGTTAAACTTGAGTGCAGGAGAGAAAAGTGGAATTCCTAGTGTAGCGGTGAAATGCGTAGAGATTAGGAGGAACACCAGTGGCGAAGGCGGCTTTTTGGCCTGTAACTGACACTGAGGCGCGAAAGCGTGGGGAGCAAACAGG,0.3730076270408089,-1.4227229647246658,decreased abundance,black
Granulicatella,Granulicatella (ASV14),1.53233697898855,0.5918520640971893,TACGTAGGTGGCAAGCGTTGTCCGGATTTATTGGGCGTAAAGCGAGCGCAGGCGGTTCCTTAAGTCTGATGTGAAAGCCCCCGGCTCAACCGGGGAGGGTCATTGGAAACTGGGGAACTTGAGTGCAGAAGAGGAGAGTGGAATTCCATGTGTAGCGGTGAAATGCGTAGATATATGGAGGAACACCAGTGGCGAAGGCGACTCTCTGGTCTGTAACTGACGCTGAGGCTCGAAAGCGTGGGTAGCAAACAGG,0.3862414548579603,-1.3724250794636577,decreased abundance,black
Porphyromonas pasteri,Porphyromonas pasteri (ASV16),4.119023064104019,1.6222836554661288,TACGGAGGATGCGAGCGTTATCCGGATTTATTGGGTTTAAAGGGTGCGTAGGCGGCCTGTTAAGTCAGCGGTGAAATCTAGGAGCTTAACTCCTAAATTGCCATTGATACTGGCGGGCTTGAGTGTAGATGAGGTAGGCGGAATGCGTGGTGTAGCGGTGGAATGCATAGATATCACGCAGAACTCCGATTGCGAAGGCAGCTTACTAAGGTACAACTGACGCTGAAGCACGAAAGCGTGGGTATCAAACAGG,0.3938515590271433,-1.3442761083716992,decreased abundance,black
Solobacterium moorei,Solobacterium moorei (ASV45),0.5641168521174064,0.24100793974650725,TACGTAGGTGGCGAGCGTTATCCGGAATTATTGGGCGTAAAGGGTGCGTAGGCGGCCTGTTAAGTAAGTGGTTAAATTGTTGGGCTCAACCCAATCCAGCCACTTAAACTGGCAGGCTAGAGTATTGGAGAGGCAAGTGGAATTCCATGTGTAGCGGTAAAATGCGTAGATATATGGAGGAACACCAGTGGCGAAGGCGGCTTGCTAGCCAAAGACTGACGCTCATGCACGAAAGCGTGGGGAGCAAATAGG,0.42723052651571497,-1.2269133605973617,decreased abundance,black
Actinomyces graevenitzii,Actinomyces graevenitzii (ASV26),1.6759293326220355,0.7317411299069455,TACGTAGGGCGCAAGCGTTGTCCGGAATTATTGGGCGTAAAGAGCTCGTAGGCGGCTGGTCGCGTCTGTCGTGAAAACTTCCGGCTCAACCGGGGGCTTGCGGTGGGTACGGGCCGGCTAGAGTGCGGTAGGGGTAACTGGAACTCCTGGTGTAGCGGTGGAATGCGCAGATATCAGGAAGAACACCGATGGCGAAGGCAGGTTACTGGGCCGTTACTGACGCTGAGGAGCGAAAGCGTGGGGAGCGAACAGG,0.43661812921557813,-1.1955560598715282,decreased abundance,black
Prevotella melaninogenica,Prevotella melaninogenica (ASV6),2.316569623340518,1.2034291485456405,TACGGAAGGTCCAGGCGTTATCCGGATTTATTGGGTTTAAAGGGAGCGTAGGCTGGAGATTAAGTGTGTTGTGAAATGTAGACGCTCAACGTCTGAATTGCAGCGCATACTGGTTTCCTTGAGTACGCACAACGTTGGCGGAATTCGTCGTGTAGCGGTGAAATGCTTAGATATGACGAAGAACTCCGATTGCGAAGGCAGCTGACGGGAGCGCAACTGACGCTTAAGCTCGAAGGTGCGGGTATCAAACAGG,0.5194875804381319,-0.9448388363343851,decreased abundance,black
Streptococcus,Streptococcus (ASV7),3.1114537275467566,1.7262149077184619,TACGTAGGTCCCGAGCGTTGTCCGGATTTATTGGGCGTAAAGCGAGCGCAGGCGGTTAGATAAGTCTGAAGTTAAAGGCTGTGGCTTAACCATAGTACGCTTTGGAAACTGTTTAACTTGAGTGCAAGAGGGGAGAGTGGAATTCCATGTGTAGCGGTGAAATGCGTAGATATATGGAGGAACACCGGTGGCGAAAGCGGCTCTCTGGCTTGTAACTGACGCTGAGGCTCGAAAGCGTGGGGAGCAAACAGG,0.5547936941615731,-0.8499767049430924,decreased abundance,black
Parvimonas micra,Parvimonas micra (ASV44),0.6388407020135098,0.35490214970079864,TACGTATGGGGCGAGCGTTGTCCGGAATTATTGGGCGTAAAGGGTACGTAGGCGGTTTTTTAAGTCAGGTGTGAAAGCGTGAGGCTTAACCTCATTAAGCACTTGAAACTGGAAGACTTGAGTGAAGGAGAGGAAAGTGGAATTCCTAGTGTAGCGGTGAAATGCGTAGATATTAGGAGGAATACCGGTGGCGAAGGCGACTTTCTGGACTTTTACTGACGCTCAGGTACGAAAGCGTGGGGAGCAAACAGG,0.5555409174497047,-0.8480349200366474,decreased abundance,black
Leptotrichia,Leptotrichia (ASV5),0.8524523612513624,0.4884836547529399,TACGTATGTCGCGAGCGTTATCCGGAATTATTGGGCATAAAGGGCATCTAGGCGGCCTTTCAAGTCAGGGGTGAAAACCTGCGGCTCAACCGCAGGCCTGCCTTTGAAACTGATAGGCTGGAGTACCGGAGAGGTGGACGGAACTGCACGAGTAGAGGTGAAATTCGTAGATATGTGCAGGAATGCCGATGATGAAGATAGTTCACTGGACGGTAACTGACGCTGAAGTGCGAAAGCCGGGGGAGCGAACAGG,0.5730333763588472,-0.8033089236101396,decreased abundance,black
Prevotella salivae,Prevotella salivae (ASV30),0.4484048722342704,0.2803450569620421,TACGGAAGGTCCAGGCGTTATCCGGATTTATTGGGTTTAAAGGGAGCGTAGGCCGTGGATTAAGCGTGTTGTGAAATGTAGACGCTCAACGTCTGAATTGCAGCGCGAACTGGTTCACTTGAGTATGCACAACGTAGGCGGAATTCGTCGTGTAGCGGTGAAATGCTTAGATATGACGAAGAACTCCGATTGCGAAGGCAGCTTACGGGAGCACAACTGACGCTGAAGCTCGAAGGTGCGGGTATCAAACAGG,0.6252051980728145,-0.677598321663834,decreased abundance,black
Streptococcus,Streptococcus (ASV2),3.1541392158752735,1.994724903573309,TACGTAGGTCCCGAGCGTTATCCGGATTTATTGGGCGTAAAGCGAGCGCAGGCGGTTAGATAAGTCTGAAGTTAAAGGCTGTGGCTTAACCATAGTACGCTTTGGAAACTGTTTAACTTGAGTGCAGAAGGGGAGAGTGGAATTCCATGTGTAGCGGTGAAATGCGTAGATATATGGAGGAACACCGGTGGCGAAAGCGGCTCTCTGGTCTGTAACTGACGCTGAGGCTCGAAAGCGTGGGGAGCAAACAGG,0.6324149845807528,-0.6610565432501758,decreased abundance,black
Actinomyces odontolyticus,Actinomyces odontolyticus (ASV9),0.25095678465848437,0.17086133958402244,TACGTAGGGCGCGAGCGTTGTCCGGAATTATTGGGCGTAAAGGGCTTGTAGGCGGTTGGTCGCGTCTGCCGTGAAATCCTCTGGCTTAACTGGGGGCGTGCGGTGGGTACGGGCTGACTTGAGTGCGGTAGGGGAGACTGGAACTCCTGGTGTAGCGGTGGAATGCGCAGATATCAGGAAGAACACCGGTGGCGAAGGCGGGTCTCTGGGCCGTTACTGACGCTGAGGAGCGAAAGCGTGGGGAGCGAACAGG,0.6808396904532381,-0.5546129515900358,decreased abundance,black
Streptococcus,Streptococcus (ASV17),1.410332808829598,1.0076545231140046,TACGTAGGTCCCGAGCGTTGTCCGGATTTATTGGGCGTAAAGCGAGCGCAGGCGGTTTGATAAGTCTGAAGTTAAAGGCTGTGGCTCAACCATAGTTCGCTTTGGAAACTGTCAAACTTGAGTGCAGAAGGGGAGAGTGGAATTCCATGTGTAGCGGTGAAATGCGTAGATATATGGAGGAACACCGGTGGCGAAAGCGGCTCTCTGGTCTGTAACTGACGCTGAGGCTCGAAAGCGTGGGGAGCGAACAGG,0.7144799559404942,-0.4850345564436262,decreased abundance,black
Veillonella,Veillonella (ASV13),1.2230900910024018,0.8957947770626876,TACGTAGGTGGCAAGCGTTGTCCGGAATTATTGGGCGTAAAGCGCGCGCAGGCGGATAGGTCAGTCTGTCTTAAAAGTTCGGGGCTTAACCCCGTGATGGGATGGAAACTGCCAATCTAGAGTATCGGAGAGGAAAGTGGAATTCCTAGTGTAGCGGTGAAATGCGTAGATATTAGGAAGAACACCAGTGGCGAAGGCGACTTTCTGGACGAAAACTGACGCTGAGGCGCGAAAGCCAGGGGAGCGAACGGG,0.7324029387962138,-0.4492905148686912,decreased abundance,black
Alloprevotella,Alloprevotella (ASV24),1.489739347377125,1.217114281795601,TACGGAAGGTCCAGGCGTTATCCGGATTTATTGGGTTTAAAGGGAGCGTAGGCGGATTGTTAAGTCAGCGGTTAAAGGGTGTGGCTCAACCATGCATTGCCGTTGAAACTGGCGATCTTGAGTGCAGACAGGGATGCCGGAATTCGTGGTGTAGCGGTGAAATGCTTAGATATCACGAAGAACTCCGATCGCGAAGGCAGGTGTCCGGGCTGCGACTGACGCTGAGGCTCGAAAGTGTGGGTATCAAACAGG,0.8169981439628919,-0.29159529399323725,decreased abundance,black
Prevotella,Prevotella (ASV25),1.2505582608352532,1.051137011290087,TACGGAAGGTCCGGGCGTTATCCGGATTTATTGGGTTTAAAGGGAGCGTAGGCCGGAGATTAAGTGTGTTGTGAAATGTAGACGCTCAACGTCTGACTTGCAGCGCATACTGGTTTCCTTGAGTACGCACAACGTTGGCGGAATTCGTCGTGTAGCGGTGAAATGCTTAGATATGACGAAGAACTCCGATTGCGAAGGCAGCTGACGGGAGCGCAACTGACGCTTAAGCTCGAAGGTGCGGGTATCGAACAGG,0.8405342191638702,-0.250621540371674,decreased abundance,black
Campylobacter concisus,Campylobacter concisus (ASV42),0.4602399621303403,0.3926550796230842,TACGGAGGGTGCAAGCGTTACTCGGAATCACTGGGCGTAAAGGACGCGTAGGCGGATTATCAAGTCTCTTGTGAAATCCTATGGCTTAACCATAGAACTGCTTGGGAAACTGATAATCTAGAGTGAGGGAGAGGCAGATGGAATTGGTGGTGTAGGGGTAAAATCCGTAGAGATCACCAGGAATACCCATTGCGAAGGCGATCTGCTGGAACTCAACTGACGCTAATGCGTGAAAGCGTGGGGAGCAAACAGG,0.8531529461404831,-0.22912369583071954,decreased abundance,black
Alloprevotella,Alloprevotella (ASV31),0.8499275406073074,0.7809814993785091,TACGGAAGGTCCAGGCGTTATCCGGATTTATTGGGTTTAAAGGGAGCGTAGGCGGATTGTTAAGTCAGCGGTTAAAGGGTGTGGCTCAACCATGCATTGCCGTTGAAACTGGCGATCTTGAGTGCAGACAGGGATGCCGGAATTCGTGGTGTAGCGGTGAAATGCTTAGATATCACGAAGAACTCCGATCGCGAAGGCAGGTGTCCGGGCTGCAACTGACGCTGAGGCTCGAAAGTGTGGGTATCAAACAGG,0.9188800951437184,-0.12205147866961842,decreased abundance,black
Peptostreptococcus stomatis,Peptostreptococcus stomatis (ASV52),0.013368378721598103,0.012558990318678798,TACGTAGGGGGCTAGCGTTATCCGGATTTACTGGGCGTAAAGGGTGCGTAGGTGGTCCTTCAAGTCGGTGGTTAAAGGCTACGGCTCAACCGTAGTAAGCCGCCGAAACTGGAGGACTTGAGTGCAGGAGAGGAAAGTGGAATTCCCAGTGTAGCGGTGAAATGCGTAGATATTGGGAGGAACACCAGTAGCGAAGGCGGCTTTCTGGACTGCAACTGACACTGAGGCACGAAAGCGTGGGTAGCAAACAGG,0.9394550064914268,-0.09010402687277727,decreased abundance,black
Fusobacterium,Fusobacterium (ASV3),14.803094323796355,14.548401836955916,TACGTATGTCACAAGCGTTATCCGGATTTATTGGGCGTAAAGCGCGTCTAGGTGGTTATGTAAGTCTGATGTGAAAATGCAGGGCTCAACTCTGTATTGCGTTGGAAACTGTGTAACTAGAGTACTGGAGAGGTAAGCGGAACTACAAGTGTAGAGGTGAAATTCGTAGATATTTGTAGGAATGCCGATGGGGAAGCCAGCTTACTGGACAGATACTGACGCTGAAGCGCGAAAGCGTGGGTAGCAAACAGG,0.9827946454120059,-0.025038097442259478,decreased abundance,black
Scardovia wiggsiae,Scardovia wiggsiae (ASV48),0.2591404177185159,0.2704356784160453,TACGTAGGGTGCAAGCGTTGTCCGGATTTATTGGGCGTAAAGGGCTCGTAGGCGGTTTGTTGCGTCTGGTGTGAAAGCTTACTGCTTAACGGTAGGTTGCGCTGGATACGGGCAGGCTTGAGTGCAGTAGGGGAGACTGGAATTCTCGGTGTAACGGTGGAATGTGTAGATATCGGGAAGAACACCTATGGCGAAGGCAGGTCTCTGGGCTGTTACTGACGCTGAGGAGCGAAAGCGTGGGGAGCGAACAGG,1.0435874141014876,0.06155145014682504,increased abundance,deeppink3
Pseudomonas,Pseudomonas (ASV1),51.94554300631517,63.28087079156942,TACGAAGGGTGCAAGCGTTAATCGGAATTACTGGGCGTAAAGCGCGCGTAGGTGGTTCAGCAAGTTGGATGTGAAATCCCCGGGCTCAACCTGGGAACTGCATCCAAAACTACTGAGCTAGAGTACGGTAGAGGGTGGTGGAATTTCCTGTGTAGCGGTGAAATGCGTAGATATAGGAAGGAACACCAGTGGCGAAGGCGACCACCTGGACTGATACTGACACTGAGGTGCGAAAGCGTGGGGAGCAAACAGG,1.218215599052958,0.2847694831282669,increased abundance,deeppink3
Bergeyella,Bergeyella (ASV36),0.10613813702893753,0.1320939040180772,TACGGAGGGTGCAAGCGTTATCCGGATTTATTGGGTTTAAAGGGTCCGTAGGTGGGCTGATAAGTCAGCGGTGAAATCCTGCAGCTTAACTGTAGAACTGCCGTTGATACTGTTAGTCTTGAGTGTATTTGAAGTGGCTGGAATAAGTAGTGTAGCGGTGAAATGCATAGATATTACTTAGAACACCAATTGCGAAGGCAGGTCACTAAGATACAACTGACGCTGAGGGACGAAAGCGTGGGGAGCGAACAGG,1.2445470376219536,0.31562075796982075,increased abundance,deeppink3
Prevotella pallens,Prevotella pallens (ASV19),0.4540659426263479,0.6600615378446478,TACGGAAGGTCCAGGCGTTATCCGGATTTATTGGGTTTAAAGGGAGTGTAGGCGGTTTGTTAAGCGTGTTGTGAAATTTAGGTGCTCAACATTTAACTTGCAGCGCGAACTGTCAGACTTGAGTACACGCAACGTATGCGGAATTCATGGTGTAGCGGTGAAATGCTTAGATATCATGAAGAACTCCGATTGCGAAGGCAGCATACGGGAGTGTAACTGACGCTTAAGCTCGAAGGTGCGGGTATCGAACAGG,1.4536688966955054,0.5396987028942437,increased abundance,deeppink3
Streptococcus anginosus,Streptococcus anginosus (ASV46),0.3440988603407336,0.5030205901653015,TACGTAGGTCCCGAGCGTTGTCCGGATTTATTGGGCGTAAAGCGAGCGCAGGCGGTTAGAAAAGTCTGAAGTGAAAGGCAGTGGCTCAACCATTGTAGGCTTTGGAAACTGTTTAACTTGAGTGCAGAAGGGGAGAGTGGAATTCCATGTGTAGCGGTGAAATGCGTAGATATATGGAGGAACACCGGTGGCGAAAGCGGCTCTCTGGTCTGTCACTGACGCTGAGGCTCGAAAGCGTGGGGAGCGAACAGG,1.461849044391488,0.547794341282199,increased abundance,deeppink3
Capnocytophaga sputigena,Capnocytophaga sputigena (ASV49),0.22461651026519966,0.5147285719794814,TACGGAGGATGCGAGCGTTATCCGGAATCATTGGGTTTAAAGGGTCCGTAGGCGGGCTGATAAGTCAGAGGTGAAAGCGCTTAGCTCAACTAAGCAACTGCCTTTGAAACTGTCAGTCTTGAATGATTGTGAAGTAGTTGGAATGTGTAGTGTAGCGGTGAAATGCTTAGATATTACACAGAACACCGATAGCGAAGGCATATTACTAACAATTTATTGACGCTGATGGACGAAAGCGTGGGGAGCGAACAGG,2.291588322566996,1.1963478912430168,increased abundance,deeppink3
Actinomyces,Actinomyces (ASV43),0.06890807208844464,0.23086666521665677,TACGTAGGGCGCGAGCGTTGTCCGGAATTATTGGGCGTAAAGAGCTCGTAGGCGGCTGGTCGCGTCTGTCGTGAAATCCTCTGGCTTAACTGGGGGCTTGCGGTGGGTACGGGCCGGCTTGAGTGCGGTAGGGGAGACTGGAACTCCTGGTGTAGCGGTGGAATGCGCAGATATCAGGAAGAACACCGGTGGCGAAGGCGGGTCTCTGGGCCGTTACTGACGCTGAGGAGCGAAAGCGTGGGGAGCGAACAGG,3.350357341594692,1.744314978392108,increased abundance,deeppink3
Streptococcus,Streptococcus (ASV12),0.76754939163083,3.443746046010616,TACGTAGGTCCCGAGCGTTGTCCGGATTTATTGGGCGTAAAGCGAGCGCAGGCGGTTAGATAAGTCTGAAGTTAAAGGCTGTGGCTTAACCATAGTATGCTTTGGAAACTGTTTAACTTGAGTGCAGAAGGGGAGAGTGGAATTCCATGTGTAGCGGTGAAATGCGTAGATATATGGAGGAACACCGGTGGCGAAAGCGGCTCTCTGGTCTGTAACTGACGCTGAGGCTCGAAAGCGTGGGGAGCAAACAGG,4.486676797037919,2.165647261548285,increased abundance,deeppink3
Rothia dentocariosa,Rothia dentocariosa (ASV37),0.014928718595151932,0.07852081652882466,TACGTAGGGCGCGAGCGTTGTCCGGAATTATTGGGCGTAAAGAGCTTGTAGGCGGTTGGTCGCGTCTGCTGTGAAAGGCTGGGGCTTAACCCTGGTTTTGCAGTGGGTACGGGCTAACTAGAGTGCAGTAGGGGAGACTGGAATTCCTGGTGTAGCGGTGGAATGCGCAGATATCAGGAGGAACACCGATGGCGAAGGCAGGTCTCTGGGCTGTAACTGACGCTGAGAAGCGAAAGCATGGGGAGCGAACAGG,5.259715763838171,2.394984838076334,increased abundance,deeppink3
