TaxNameCount,Original,Input,Positive1,Positive2,Positive3,Negative1,Negative2,Negative3,OTU,Kingdom,Phylum,Class,Order,Family,Genus,Species,TaxName,COUNT,ori.prop,input.prop,pos1.prop,pos2.prop,pos3.prop,neg1.prop,neg2.prop,neg3.prop,pos.prop.mean,pos.prop.sd,neg.prop.mean,neg.prop.sd
Pseudomonas (ASV1),18239,24751,21433,18530,46677,28253,19589,32426,TACGAAGGGTGCAAGCGTTAATCGGAATTACTGGGCGTAAAGCGCGCGTAGGTGGTTCAGCAAGTTGGATGTGAAATCCCCGGGCTCAACCTGGGAACTGCATCCAAAACTACTGAGCTAGAGTACGGTAGAGGGTGGTGGAATTTCCTGTGTAGCGGTGAAATGCGTAGATATAGGAAGGAACACCAGTGGCGAAGGCGACCACCTGGACTGATACTGACACTGAGGTGCGAAAGCGTGGGGAGCAAACAGG,Bacteria,Proteobacteria,Gammaproteobacteria,Pseudomonadales,Pseudomonadaceae,Pseudomonas,NA,Pseudomonas,(ASV1),53.358492773974604,43.49835679513541,70.23988988660942,50.726819787018535,73.88640896571374,55.10200101415922,49.03256489199269,50.97706299423037,64.95103954644723,12.452734485724784,51.703876300127426,3.0993074865986956
Streptococcus (ASV2),601,1613,956,1306,1227,4825,1119,1647,TACGTAGGTCCCGAGCGTTATCCGGATTTATTGGGCGTAAAGCGAGCGCAGGCGGTTAGATAAGTCTGAAGTTAAAGGCTGTGGCTTAACCATAGTACGCTTTGGAAACTGTTTAACTTGAGTGCAGAAGGGGAGAGTGGAATTCCATGTGTAGCGGTGAAATGCGTAGATATATGGAGGAACACCGGTGGCGAAAGCGGCTCTCTGGTCTGTAACTGACGCTGAGGCTCGAAAGCGTGGGGAGCAAACAGG,Bacteria,Firmicutes,Bacilli,Lactobacillales,Streptococcaceae,Streptococcus,NA,Streptococcus,(ASV2),1.7582353285354866,2.8347480712114024,3.132988136593039,3.5752415888745928,1.9422547250451134,9.410227405702695,2.8009311406472928,2.589256237324907,2.883494816837582,0.8445985506806526,4.9334715945582985,3.878428613579923
Leptotrichia (ASV5),3442,8442,331,1930,2033,4869,4153,6296,TACGTATGTCGCGAGCGTTATCCGGAATTATTGGGCATAAAGGGCATCTAGGCGGCCTTTCAAGTCAGGGGTGAAAACCTGCGGCTCAACCGCAGGCCTGCCTTTGAAACTGATAGGCTGGAGTACCGGAGAGGTGGACGGAACTGCACGAGTAGAGGTGAAATTCGTAGATATGTGCAGGAATGCCGATGATGAAGATAGTTCACTGGACGGTAACTGACGCTGAAGTGCGAAAGCCGGGGGAGCGAACAGG,Bacteria,Fusobacteria,Fusobacteriia,Fusobacteriales,Leptotrichiaceae,Leptotrichia,NA,Leptotrichia,(ASV5),10.069627289216546,14.83629461696631,1.0847479845316903,5.283473404692162,3.2180960521733626,9.496040878417912,10.395234161848265,9.897970412991873,3.1954391471324053,2.099454402930666,9.929748484419349,0.4504381473735348
Prevotella melaninogenica (ASV6),3056,5155,1561,4283,2331,1982,3027,5290,TACGGAAGGTCCAGGCGTTATCCGGATTTATTGGGTTTAAAGGGAGCGTAGGCTGGAGATTAAGTGTGTTGTGAAATGTAGACGCTCAACGTCTGAATTGCAGCGCATACTGGTTTCCTTGAGTACGCACAACGTTGGCGGAATTCGTCGTGTAGCGGTGAAATGCTTAGATATGACGAAGAACTCCGATTGCGAAGGCAGCTGACGGGAGCGCAACTGACGCTTAAGCTCGAAGGTGCGGGTATCAAACAGG,Bacteria,Bacteroidetes,Bacteroidia,Bacteroidales,Prevotellaceae,Prevotella,melaninogenica,Prevotella melaninogenica,(ASV6),8.94037797671289,9.059594734714679,5.115684603788425,11.72493087683758,3.6898090986798366,3.865506884580879,7.576781557407824,8.316433209137072,6.843474859768614,4.287159884346662,6.586240550375258,2.385071257136072
Streptococcus (ASV7),1360,3090,2442,2465,3649,1623,2117,2999,TACGTAGGTCCCGAGCGTTGTCCGGATTTATTGGGCGTAAAGCGAGCGCAGGCGGTTAGATAAGTCTGAAGTTAAAGGCTGTGGCTTAACCATAGTACGCTTTGGAAACTGTTTAACTTGAGTGCAAGAGGGGAGAGTGGAATTCCATGTGTAGCGGTGAAATGCGTAGATATATGGAGGAACACCGGTGGCGAAAGCGGCTCTCTGGCTTGTAACTGACGCTGAGGCTCGAAAGCGTGGGGAGCAAACAGG,Bacteria,Firmicutes,Bacilli,Lactobacillales,Streptococcaceae,Streptococcus,NA,Streptococcus,(ASV7),3.978702240945527,5.430484525755259,8.002883922134103,6.748063182676777,5.776110425174914,3.1653469594726373,5.298991264298766,4.714741624612869,6.842352509995265,1.1163771359288015,4.393026616128091,1.1026036980223284
Rothia mucilaginosa (ASV8),1398,1979,291,751,786,1991,2065,2821,TACGTAGGGCGCGAGCGTTGTCCGGAATTATTGGGCGTAAAGAGCTTGTAGGCGGTTTGTCGCGTCTGCTGTGAAAGGCCGGGGCTTAACTCCGTGTATTGCAGTGGGTACGGGCAGACTAGAGTGCAGTAGGGGAGACTGGAATTCCTGGTGTAGCGGTGGAATGCGCAGATATCAGGAGGAACACCGATGGCGAAGGCAGGTCTCTGGGCTGTAACTGACGCTGAGAAGCGAAAGCATGGGGAGCGAACAGG,Bacteria,Actinobacteria,Actinobacteria,Micrococcales,Micrococcaceae,Rothia,mucilaginosa,Rothia mucilaginosa,(ASV8),4.089871862383711,3.477970510184355,0.953660614799764,2.055900791152235,1.2441827334029822,3.883059640363537,5.168831818978249,4.434907010014306,1.4179147131183272,0.5712884141773238,4.495599489785364,0.6450311671930866
Actinomyces odontolyticus (ASV9),347,459,101,275,141,1157,221,463,TACGTAGGGCGCGAGCGTTGTCCGGAATTATTGGGCGTAAAGGGCTTGTAGGCGGTTGGTCGCGTCTGCCGTGAAATCCTCTGGCTTAACTGGGGGCGTGCGGTGGGTACGGGCTGACTTGAGTGCGGTAGGGGAGACTGGAACTCCTGGTGTAGCGGTGGAATGCGCAGATATCAGGAAGAACACCGGTGGCGAAGGCGGGTCTCTGGGCCGTTACTGACGCTGAGGAGCGAAAGCGTGGGGAGCGAACAGG,Bacteria,Actinobacteria,Actinobacteria,Actinomycetales,Actinomycetaceae,Actinomyces,odontolyticus,Actinomyces odontolyticus,(ASV9),1.0151541747118367,0.8066642062529656,0.330995608573114,0.752826521393961,0.2231930857631304,2.2565042711705736,0.5531776426121999,0.7278844188715433,0.43567173857673513,0.279903042461011,1.179188777551439,0.9370630283025859
Streptococcus (ASV12),575,1415,545,977,1434,783,808,1469,TACGTAGGTCCCGAGCGTTGTCCGGATTTATTGGGCGTAAAGCGAGCGCAGGCGGTTAGATAAGTCTGAAGTTAAAGGCTGTGGCTTAACCATAGTATGCTTTGGAAACTGTTTAACTTGAGTGCAGAAGGGGAGAGTGGAATTCCATGTGTAGCGGTGAAATGCGTAGATATATGGAGGAACACCGGTGGCGAAAGCGGCTCTCTGGTCTGTAACTGACGCTGAGGCTCGAAAGCGTGGGGAGCAAACAGG,Bacteria,Firmicutes,Bacilli,Lactobacillales,Streptococcaceae,Streptococcus,NA,Streptococcus,(ASV12),1.6821719033409397,2.4867752763571818,1.7860654125974962,2.674587314188727,2.269921170101624,1.5270897530912353,2.022477534980351,2.3094216227263438,2.243524632295949,0.44484871058363085,1.95299630359931,0.39576700177927976
Veillonella (ASV13),983,1886,281,701,670,1241,1333,1978,TACGTAGGTGGCAAGCGTTGTCCGGAATTATTGGGCGTAAAGCGCGCGCAGGCGGATAGGTCAGTCTGTCTTAAAAGTTCGGGGCTTAACCCCGTGATGGGATGGAAACTGCCAATCTAGAGTATCGGAGAGGAAAGTGGAATTCCTAGTGTAGCGGTGAAATGCGTAGATATTAGGAAGAACACCAGTGGCGAAGGCGACTTTCTGGACGAAAACTGACGCTGAGGCGCGAAAGCCAGGGGAGCGAACGGG,Bacteria,Firmicutes,Negativicutes,Selenomonadales,Veillonellaceae,Veillonella,NA,Veillonella,(ASV13),2.875782575624598,3.3145287429043426,0.9208887723667825,1.9190232418078788,1.0605628897964352,2.420329991808714,3.3365873194663465,3.1096228521121225,1.3001583013236988,0.5404836497899856,2.955513387795728,0.47717310052589
Granulicatella (ASV14),403,1689,675,1048,675,961,1098,2134,TACGTAGGTGGCAAGCGTTGTCCGGATTTATTGGGCGTAAAGCGAGCGCAGGCGGTTCCTTAAGTCTGATGTGAAAGCCCCCGGCTCAACCGGGGAGGGTCATTGGAAACTGGGGAACTTGAGTGCAGAAGAGGAGAGTGGAATTCCATGTGTAGCGGTGAAATGCGTAGATATATGGAGGAACACCAGTGGCGAAGGCGACTCTCTGGTCTGTAACTGACGCTGAGGCTCGAAAGCGTGGGTAGCAAACAGG,Bacteria,Firmicutes,Bacilli,Lactobacillales,Carnobacteriaceae,Granulicatella,NA,Granulicatella,(ASV14),1.178983090515476,2.9683133864079716,2.212099364226257,2.868953434257713,1.0684775382277518,1.8742442563482467,2.748366749267853,3.354871166029964,2.049843445570574,0.9111386285304355,2.6591607238820214,0.7443334586341404
Gemella (ASV15),837,954,630,1052,771,840,1175,1395,TACGTAGGTGGCAAGCGTTGTCCGGAATTATTGGGCGTAAAGCGCGCGCAGGTGGTTTAATAAGTCTGATGTGAAAGCCCACGGCTCAACCGTGGAGGGTCATTGGAAACTGTTAAACTTGAGTGCAGGAGAGAAAAGTGGAATTCCTAGTGTAGCGGTGAAATGCGTAGAGATTAGGAGGAACACCAGTGGCGAAGGCGGCTTTTTGGCCTGTAACTGACACTGAGGCGCGAAAGCGTGGGGAGCAAACAGG,Bacteria,Firmicutes,Bacilli,Bacillales,Family_XI,Gemella,NA,Gemella,(ASV15),2.448657187993681,1.676596193388517,2.06462607327784,2.8799036382052616,1.2204387881090322,1.6382572063814018,2.9411028509924657,2.1930858840730085,2.0549894998640443,0.8297743939388554,2.257481980482292,0.6538056564033917
Streptococcus (ASV17),199,323,204,356,448,221,332,476,TACGTAGGTCCCGAGCGTTGTCCGGATTTATTGGGCGTAAAGCGAGCGCAGGCGGTTTGATAAGTCTGAAGTTAAAGGCTGTGGCTCAACCATAGTTCGCTTTGGAAACTGTCAAACTTGAGTGCAGAAGGGGAGAGTGGAATTCCATGTGTAGCGGTGAAATGCGTAGATATATGGAGGAACACCGGTGGCGAAAGCGGCTCTCTGGTCTGTAACTGACGCTGAGGCTCGAAAGCGTGGGGAGCGAACAGG,Bacteria,Firmicutes,Bacilli,Lactobacillales,Streptococcaceae,Streptococcus,NA,Streptococcus,(ASV17),0.5821777543736469,0.5676525895854203,0.6685455856328243,0.9745681513318185,0.7091524994459746,0.43101766977415457,0.8310179970463818,0.7483217783646968,0.7840887454702058,0.16620479356926468,0.6701191483950777,0.2111558759663015
Prevotella pallens (ASV19),459,967,176,551,267,347,369,443,TACGGAAGGTCCAGGCGTTATCCGGATTTATTGGGTTTAAAGGGAGTGTAGGCGGTTTGTTAAGCGTGTTGTGAAATTTAGGTGCTCAACATTTAACTTGCAGCGCGAACTGTCAGACTTGAGTACACGCAACGTATGCGGAATTCATGGTGTAGCGGTGAAATGCTTAGATATCATGAAGAACTCCGATTGCGAAGGCAGCATACGGGAGTGTAACTGACGCTTAAGCTCGAAGGTGCGGGTATCGAACAGG,Bacteria,Bacteroidetes,Bacteroidia,Bacteroidales,Prevotellaceae,Prevotella,pallens,Prevotella pallens,(ASV19),1.3428120063191153,1.6994428920405618,0.5767844268204758,1.508390593774809,0.42264222623231074,0.6767562507313648,0.9236314485244425,0.6964423273436149,0.8359390822758652,0.5874378528733496,0.765610008866474,0.1372041068874345
Streptococcus (ASV23),226,513,396,540,592,428,687,859,TACGTAGGTCCCGAGCGTTGTCCGGATTTATTGGGCGTAAAGCGAGCGCAGGCGGTTAGATAAGTCTGAAGTTAAAGGCTGTGGCTTAACCATAGTACGCTTTGGAAACTGTTTAACTTGAGTGCAGAAGGGGAGAGTGGAATTCCATGTGTAGCGGTGAAATGCGTAGATATATGGAGGAACACCGGTGGCGAAAGCGGCTCTCTGGTCTGTAACTGACGCTGAGGCTCGAAAGCGTGGGGAGCGAACAGG,Bacteria,Firmicutes,Bacilli,Lactobacillales,Streptococcaceae,Streptococcus,NA,Streptococcus,(ASV23),0.6611666959218302,0.901565877576844,1.2977649603460706,1.4782775329190505,0.937094374267895,0.8347310527752857,1.719606517984531,1.3504378311245264,1.237712289177672,0.2755440895532969,1.3015918006281144,0.4444553951227973
Veillonella (ASV27),444,919,95,489,238,448,482,571,TACGTAGGTGGCAAGCGTTGTCCGGAATTATTGGGCGTAAAGCGCGCGCAGGCGGATCAGTTAGTCTGTCTTAAAAGTTCGGGGCTTAACCCCGTGATGGGATGGAAACTGCTGATCTAGAGTATCGGAGAGGAAAGTGGAATTCCTAGTGTAGCGGTGAAATGCGTAGATATTAGGAAGAACACCAGTGGCGAAGGCGACTTTCTGGACGAAAACTGACGCTGAGGCGCGAAAGCCAGGGGAGCGAACGGG,Bacteria,Firmicutes,Negativicutes,Selenomonadales,Veillonellaceae,Veillonella,NA,Veillonella,(ASV27),1.298929261014569,1.6150858508637809,0.31133250311332505,1.338662432587807,0.37673726533067403,0.8737371767367477,1.2064779354709518,0.8976717131223569,0.6755774003439353,0.5751788988823991,0.9926289417766855,0.18558491206462957
Tannerella (ASV28),545,924,64,268,294,337,383,538,TACGGAGGATGCGAGCGTTATCCGGATTTATTGGGTTTAAAGGGTGCGTAGGTGGACTGTTAAGTCAGTGGTGAAAGTTTGTCGCTCAACGATAAAATTGCCGTTGAAACTGGTGGTCTTGAGTATGGATGAAGTAGGCGGAATGCGTGGTGTAGCGGTGAAATGCATAGAGATCACGCAGAACTCCGATTGCGAAGGCAGCTTACTAAGGCATAACTGACACTGAAGCACGAAAGCGTGGGTATCAAACAGG,Bacteria,Bacteroidetes,Bacteroidia,Bacteroidales,Tannerellaceae,Tannerella,NA,Tannerella,(ASV28),1.5944064127318471,1.623873042653029,0.20973979157108213,0.733663664485751,0.4653813277614208,0.6572531887506339,0.9586743761107357,0.845792262101275,0.469594927939418,0.26198735078686824,0.8205732756542149,0.15228486794641205
Actinomyces (ASV29),59,39,0,0,0,145,28,79,TACGTAGGGTGCGAGCGTTGTCCGGAATTATTGGGCGTAAAGGGCTTGTAGGCGGTTTGTCGCGTCTGCCGTGAAATCCTCTGGCTTAACTGGGGGCGTGCGGTGGGTACGGGCAGGCTTGAGTGCGGTAGGGGAGACTGGAACTCCTGGTGTAGCGGTGGAATGCGCAGATATCAGGAAGAACACCGGTGGCGAAGGCGGGTCTCTGGGCCGTTACTGACGCTGAGGAGCGAAAGCGTGGGGAGCGAACAGG,Bacteria,Actinobacteria,Actinobacteria,Actinomycetales,Actinomycetaceae,Actinomyces,NA,Actinomyces,(ASV29),0.17260546486454859,0.06854009595613433,0,0,0,0.28279439872059914,0.07008585517258642,0.12419626153531733,0,0,0.1590255051428343,0.1105488049789912
Prevotella salivae (ASV30),148,379,54,120,139,232,230,292,TACGGAAGGTCCAGGCGTTATCCGGATTTATTGGGTTTAAAGGGAGCGTAGGCCGTGGATTAAGCGTGTTGTGAAATGTAGACGCTCAACGTCTGAATTGCAGCGCGAACTGGTTCACTTGAGTATGCACAACGTAGGCGGAATTCGTCGTGTAGCGGTGAAATGCTTAGATATGACGAAGAACTCCGATTGCGAAGGCAGCTTACGGGAGCACAACTGACGCTGAAGCTCGAAGGTGCGGGTATCAAACAGG,Bacteria,Bacteroidetes,Bacteroidia,Bacteroidales,Prevotellaceae,Prevotella,salivae,Prevotella salivae,(ASV30),0.43297642033818967,0.6660691376249978,0.17696794913810054,0.3285061184264557,0.22002722639060374,0.4524710379529586,0.5757052389176741,0.45905453630775517,0.24183376465172,0.0780871181502858,0.49574360439279597,0.06932699949921776
Atopobium parvulum (ASV32),26,22,7,19,8,31,20,31,TACGTAGGGGGCAAGCGTTATCCGGATTCATTGGGCGTAAAGCGCTCGTAGGCGGTCTGTTAGGTCGGGAGTTAAATCCGGGGGCTCAACCCCCGTTCGCTCCCGATACCGGCAGACTTGAGTTTGGTAGGGGAAGGTGGAATTCCTAGTGTAGCGGTGGAATGCGCAGATATTAGGAAGAACACCAGTGGCGAAGGCGGCCTTCTGGGCCATAACTGACGCTGAGGAGCGAAAGCTAGGGGAGCAAACAGG,Bacteria,Actinobacteria,Coriobacteriia,Coriobacteriales,Atopobiaceae,Atopobium,parvulum,Atopobium parvulum,(ASV32),0.07606342519454684,0.03866364387269117,0.02294028970308711,0.05201346875085548,0.01266343749010669,0.060459492140266025,0.05006132512327601,0.04873524186828908,0.02920573198134976,0.020409509187194034,0.053085353043943705,0.006420519430600706
Bergeyella (ASV36),84,348,99,334,187,71,161,314,TACGGAGGGTGCAAGCGTTATCCGGATTTATTGGGTTTAAAGGGTCCGTAGGTGGGCTGATAAGTCAGCGGTGAAATCCTGCAGCTTAACTGTAGAACTGCCGTTGATACTGTTAGTCTTGAGTGTATTTGAAGTGGCTGGAATAAGTAGTGTAGCGGTGAAATGCATAGATATTACTTAGAACACCAATTGCGAAGGCAGGTCACTAAGATACAACTGACGCTGAGGGACGAAAGCGTGGGGAGCGAACAGG,Bacteria,Bacteroidetes,Bacteroidia,Flavobacteriales,Weeksellaceae,Bergeyella,NA,Bergeyella,(ASV36),0.245743373705459,0.6115885485316602,0.32444124008651765,0.9143420296203016,0.29600785133124385,0.1384717400631899,0.4029936672423719,0.4936408369884765,0.511597040346021,0.34907701039768063,0.3450354147646794,0.18454170565317168
Rothia dentocariosa (ASV37),191,357,36,172,267,164,184,358,TACGTAGGGCGCGAGCGTTGTCCGGAATTATTGGGCGTAAAGAGCTTGTAGGCGGTTGGTCGCGTCTGCTGTGAAAGGCTGGGGCTTAACCCTGGTTTTGCAGTGGGTACGGGCTAACTAGAGTGCAGTAGGGGAGACTGGAATTCCTGGTGTAGCGGTGGAATGCGCAGATATCAGGAGGAACACCGATGGCGAAGGCAGGTCTCTGGGCTGTAACTGACGCTGAGAAGCGAAAGCATGGGGAGCGAACAGG,Bacteria,Actinobacteria,Actinobacteria,Micrococcales,Micrococcaceae,Rothia,dentocariosa,Rothia dentocariosa,(ASV37),0.5587736235445556,0.6274054937523066,0.1179786327587337,0.4708587697445865,0.42264222623231074,0.319850216483988,0.4605641911341393,0.562813438349919,0.3371598762452103,0.1913413752675474,0.4477426153226821,0.12198801744263704
Actinomyces (ASV43),178,127,32,67,101,73,109,215,TACGTAGGGCGCGAGCGTTGTCCGGAATTATTGGGCGTAAAGAGCTCGTAGGCGGCTGGTCGCGTCTGTCGTGAAATCCTCTGGCTTAACTGGGGGCTTGCGGTGGGTACGGGCCGGCTTGAGTGCGGTAGGGGAGACTGGAACTCCTGGTGTAGCGGTGGAATGCGCAGATATCAGGAAGAACACCGGTGGCGAAGGCGGGTCTCTGGGCCGTTACTGACGCTGAGGAGCGAAAGCGTGGGGAGCGAACAGG,Bacteria,Actinobacteria,Actinobacteria,Actinomycetales,Actinomycetaceae,Actinomyces,NA,Actinomyces,(ASV43),0.5207419109472822,0.223194671446899,0.10486989578554107,0.18341591612143776,0.15987589831259696,0.1423723524593361,0.27283422192185425,0.3380024839252307,0.1493872367398586,0.04030977975432703,0.25106968610214037,0.09961454888180996
Capnocytophaga granulosa (ASV47),179,345,7,98,105,119,147,273,TACGGAGGATGCGAGCGTTATTCGGAATCATTGGGTTTAAAGGGTCTGTAGGCGGGCTATTAAGTCAGGGGTGAAAGGTTTCAGCTTAACTGAGAAATTGCCTTTGATACTGGTAGTCTTGAATATCTGTGAAGTTCTTGGAATGTGTAGTGTAGCGGTGAAATGCTTAGATATTACACAGAACACCGATTGCGGAGGCAGGGGACTAACAGACGATTGACGCTGAGAGACGAAAGCGTGGGGAGCGAACAGG,Bacteria,Bacteroidetes,Bacteroidia,Flavobacteriales,Flavobacteriaceae,Capnocytophaga,granulosa,Capnocytophaga granulosa,(ASV47),0.5236674273009186,0.6063162334581115,0.02294028970308711,0.2682799967149388,0.1662076170576503,0.2320864375706986,0.3679507396560787,0.4291845493562232,0.1524759678252254,0.12324492525920519,0.3430739088610002,0.1008764538936615
Scardovia wiggsiae (ASV48),43,20,18,32,12,42,34,87,TACGTAGGGTGCAAGCGTTGTCCGGATTTATTGGGCGTAAAGGGCTCGTAGGCGGTTTGTTGCGTCTGGTGTGAAAGCTTACTGCTTAACGGTAGGTTGCGCTGGATACGGGCAGGCTTGAGTGCAGTAGGGGAGACTGGAATTCTCGGTGTAACGGTGGAATGTGTAGATATCGGGAAGAACACCTATGGCGAAGGCAGGTCTCTGGGCTGTTACTGACGCTGAGGAGCGAAAGCGTGGGGAGCGAACAGG,Bacteria,Actinobacteria,Actinobacteria,Bifidobacteriales,Bifidobacteriaceae,Scardovia,wiggsiae,Scardovia wiggsiae,(ASV48),0.12579720320636592,0.035148767156991965,0.05898931637936685,0.08760163158038818,0.018995156235160033,0.0819128603190701,0.08510425270956923,0.1367730981464887,0.05519536806497169,0.034460232844295696,0.10126340372504267,0.030793668907356426
Peptostreptococcus stomatis (ASV52),160,185,80,165,122,91,80,155,TACGTAGGGGGCTAGCGTTATCCGGATTTACTGGGCGTAAAGGGTGCGTAGGTGGTCCTTCAAGTCGGTGGTTAAAGGCTACGGCTCAACCGTAGTAAGCCGCCGAAACTGGAGGACTTGAGTGCAGGAGAGGAAAGTGGAATTCCCAGTGTAGCGGTGAAATGCGTAGATATTGGGAGGAACACCAGTAGCGAAGGCGGCTTTCTGGACTGCAACTGACACTGAGGCACGAAAGCGTGGGTAGCAAACAGG,Bacteria,Firmicutes,Clostridia,Clostridiales,Peptostreptococcaceae,Peptostreptococcus,stomatis,Peptostreptococcus stomatis,(ASV52),0.4680826165818267,0.3251260962021757,0.26217473946385267,0.45169591283637656,0.19311742172412702,0.17747786402465188,0.20024530049310404,0.2436762093414454,0.3023293580081188,0.13388429354968628,0.20713312461973377,0.03363237757830833
